-- phpMyAdmin SQL Dump
-- version 4.9.5
-- https://www.phpmyadmin.net/
--
-- Hôte : db5000947942.hosting-data.io
-- Généré le : sam. 26 sep. 2020 à 16:48
-- Version du serveur :  5.7.30-log
-- Version de PHP : 7.0.33-0+deb9u9

SET SQL_MODE = "NO_AUTO_VALUE_ON_ZERO";
SET AUTOCOMMIT = 0;
START TRANSACTION;
SET time_zone = "+00:00";


/*!40101 SET @OLD_CHARACTER_SET_CLIENT=@@CHARACTER_SET_CLIENT */;
/*!40101 SET @OLD_CHARACTER_SET_RESULTS=@@CHARACTER_SET_RESULTS */;
/*!40101 SET @OLD_COLLATION_CONNECTION=@@COLLATION_CONNECTION */;
/*!40101 SET NAMES utf8mb4 */;

--
-- Base de données : `dbs827360`
--

-- --------------------------------------------------------

--
-- Structure de la table `games`
--

CREATE TABLE `games` (
  `id` int(11) NOT NULL,
  `nameKey` int(11) NOT NULL,
  `state` int(11) NOT NULL
) ENGINE=InnoDB DEFAULT CHARSET=latin1 ROW_FORMAT=DYNAMIC;

--
-- Déchargement des données de la table `games`
--

INSERT INTO `games` (`id`, `nameKey`, `state`) VALUES
(1, 311429929, 1),
(2, 719840350, 1);

-- --------------------------------------------------------

--
-- Structure de la table `scores`
--

CREATE TABLE `scores` (
  `id` int(11) NOT NULL,
  `idUser` int(11) NOT NULL,
  `score` int(11) NOT NULL,
  `time` int(11) NOT NULL,
  `state` int(11) NOT NULL
) ENGINE=InnoDB DEFAULT CHARSET=latin1 ROW_FORMAT=DYNAMIC;

--
-- Déchargement des données de la table `scores`
--

INSERT INTO `scores` (`id`, `idUser`, `score`, `time`, `state`) VALUES
(1, 2678, 2600, 0, 1),
(2, 2, 2500, 0, 1),
(3, 2, 2500, 0, 1),
(4, 2, 2500, 0, 1),
(5, 1, 2600, 0, 1),
(6, 2, 2500, 0, 1),
(7, 2, 2500, 0, 1),
(8, 2, 2500, 0, 1),
(9, 1, 1, 1600943459, 1),
(10, 1, 1, 1600943550, 1),
(11, 1, 1, 1600943654, 1),
(12, 1, 7, 1600944880, 1),
(13, 1, 7, 1600944919, 1),
(14, 1, 10, 1600944980, 1),
(15, 1, 1, 1600949195, 1),
(16, 1, 1, 1600949266, 1),
(17, 1, 2, 1600949299, 1),
(18, 1, 7, 1600949360, 1),
(19, 1, 8, 1600949425, 1),
(20, 1, 0, 1600949440, 1),
(21, 1, 13, 1600949515, 1),
(22, 1, 0, 1600949545, 1),
(23, 1, 0, 1600949545, 1),
(24, 1, 0, 1600949545, 1),
(25, 1, 0, 1600949545, 1),
(26, 1, 0, 1600949545, 1),
(27, 1, 0, 1600949545, 1),
(28, 1, 0, 1600949545, 1),
(29, 1, 0, 1600949545, 1),
(30, 1, 0, 1600949545, 1),
(31, 1, 0, 1600949545, 1),
(32, 1, 0, 1600949545, 1),
(33, 1, 0, 1600949545, 1),
(34, 1, 0, 1600949545, 1),
(35, 1, 0, 1600949545, 1),
(36, 1, 0, 1600949545, 1),
(37, 1, 0, 1600949545, 1),
(38, 1, 0, 1600949545, 1),
(39, 1, 0, 1600949545, 1),
(40, 1, 3, 1600949598, 1),
(41, 1, 8, 1600950479, 1),
(42, 1, 8, 1600950479, 1),
(43, 1, 8, 1600950479, 1),
(44, 1, 8, 1600950479, 1),
(45, 1, 8, 1600950479, 1),
(46, 1, 8, 1600950479, 1),
(47, 1, 8, 1600950479, 1),
(48, 1, 8, 1600950479, 1),
(49, 1, 8, 1600950479, 1),
(50, 1, 8, 1600950479, 1),
(51, 1, 8, 1600950479, 1),
(52, 1, 8, 1600950479, 1),
(53, 1, 8, 1600950479, 1),
(54, 1, 8, 1600950479, 1),
(55, 1, 8, 1600950479, 1),
(56, 1, 8, 1600950479, 1),
(57, 1, 8, 1600950479, 1),
(58, 1, 8, 1600950479, 1),
(59, 1, 8, 1600950479, 1),
(60, 1, 8, 1600950479, 1),
(61, 1, 8, 1600950480, 1),
(62, 1, 8, 1600950480, 1),
(63, 1, 8, 1600950480, 1),
(64, 1, 8, 1600950480, 1),
(65, 1, 8, 1600950480, 1),
(66, 1, 8, 1600950480, 1),
(67, 1, 8, 1600950480, 1),
(68, 1, 8, 1600950480, 1),
(69, 1, 8, 1600950480, 1),
(70, 1, 8, 1600950480, 1),
(71, 1, 8, 1600950480, 1),
(72, 1, 8, 1600950480, 1),
(73, 1, 8, 1600950480, 1),
(74, 1, 8, 1600950480, 1),
(75, 1, 8, 1600950480, 1),
(76, 1, 8, 1600950480, 1),
(77, 1, 8, 1600950480, 1),
(78, 1, 8, 1600950480, 1),
(79, 1, 8, 1600950480, 1),
(80, 1, 8, 1600950480, 1),
(81, 1, 8, 1600950480, 1),
(82, 1, 8, 1600950480, 1),
(83, 1, 8, 1600950480, 1),
(84, 1, 8, 1600950480, 1),
(85, 1, 8, 1600950480, 1),
(86, 1, 8, 1600950480, 1),
(87, 1, 8, 1600950480, 1),
(88, 1, 8, 1600950480, 1),
(89, 1, 10, 1600950549, 1),
(90, 1, 10, 1600950549, 1),
(91, 1, 10, 1600950549, 1),
(92, 1, 10, 1600950549, 1),
(93, 1, 10, 1600950549, 1),
(94, 1, 10, 1600950549, 1),
(95, 1, 10, 1600950549, 1),
(96, 1, 10, 1600950549, 1),
(97, 1, 10, 1600950549, 1),
(98, 1, 10, 1600950549, 1),
(99, 1, 10, 1600950549, 1),
(100, 1, 10, 1600950549, 1),
(101, 1, 10, 1600950549, 1),
(102, 1, 10, 1600950549, 1),
(103, 1, 10, 1600950549, 1),
(104, 1, 10, 1600950549, 1),
(105, 1, 10, 1600950549, 1),
(106, 1, 10, 1600950549, 1),
(107, 1, 10, 1600950549, 1),
(108, 1, 10, 1600950549, 1),
(109, 1, 10, 1600950549, 1),
(110, 1, 10, 1600950549, 1),
(111, 1, 10, 1600950549, 1),
(112, 1, 10, 1600950549, 1),
(113, 1, 0, 1600950573, 1),
(114, 1, 0, 1600950611, 1),
(115, 1, 11, 1600950724, 1),
(116, 1, 11, 1600950724, 1),
(117, 1, 11, 1600950724, 1),
(118, 1, 11, 1600950724, 1),
(119, 1, 11, 1600950724, 1),
(120, 1, 11, 1600950724, 1),
(121, 1, 11, 1600950724, 1),
(122, 1, 11, 1600950724, 1),
(123, 1, 11, 1600950724, 1),
(124, 1, 11, 1600950724, 1),
(125, 1, 11, 1600950724, 1),
(126, 1, 11, 1600950724, 1),
(127, 1, 11, 1600950724, 1),
(128, 1, 11, 1600950724, 1),
(129, 1, 11, 1600950724, 1),
(130, 1, 11, 1600950724, 1),
(131, 1, 11, 1600950724, 1),
(132, 1, 11, 1600950724, 1),
(133, 1, 11, 1600950724, 1),
(134, 1, 11, 1600950724, 1),
(135, 1, 11, 1600950724, 1),
(136, 1, 11, 1600950724, 1),
(137, 1, 11, 1600950724, 1),
(138, 1, 11, 1600950724, 1),
(139, 1, 11, 1600950724, 1),
(140, 1, 11, 1600950724, 1),
(141, 1, 11, 1600950724, 1),
(142, 1, 11, 1600950724, 1),
(143, 1, 11, 1600950724, 1),
(144, 1, 11, 1600950724, 1),
(145, 1, 11, 1600950724, 1),
(146, 1, 11, 1600950724, 1),
(147, 1, 11, 1600950724, 1),
(148, 1, 11, 1600950724, 1),
(149, 1, 11, 1600950724, 1),
(150, 1, 11, 1600950724, 1),
(151, 1, 11, 1600950724, 1),
(152, 1, 11, 1600950724, 1),
(153, 1, 11, 1600950724, 1),
(154, 1, 11, 1600950724, 1),
(155, 1, 11, 1600950724, 1),
(156, 1, 11, 1600950724, 1),
(157, 1, 11, 1600950724, 1),
(158, 1, 11, 1600950724, 1),
(159, 1, 11, 1600950724, 1),
(160, 1, 11, 1600950724, 1),
(161, 1, 11, 1600950725, 1),
(162, 1, 11, 1600950725, 1),
(163, 1, 11, 1600950725, 1),
(164, 1, 11, 1600950725, 1),
(165, 1, 11, 1600950725, 1),
(166, 1, 11, 1600950725, 1),
(167, 1, 11, 1600950725, 1),
(168, 1, 11, 1600950725, 1),
(169, 1, 11, 1600950725, 1),
(170, 1, 11, 1600950725, 1),
(171, 1, 11, 1600950725, 1),
(172, 1, 11, 1600950725, 1),
(173, 1, 11, 1600950725, 1),
(174, 1, 11, 1600950725, 1),
(175, 1, 11, 1600950725, 1),
(176, 1, 11, 1600950725, 1),
(177, 1, 11, 1600950725, 1),
(178, 1, 11, 1600950725, 1),
(179, 1, 11, 1600950725, 1),
(180, 1, 11, 1600950725, 1),
(181, 1, 11, 1600950725, 1),
(182, 1, 11, 1600950725, 1),
(183, 1, 11, 1600950725, 1),
(184, 1, 11, 1600950725, 1),
(185, 1, 11, 1600950725, 1),
(186, 1, 11, 1600950725, 1),
(187, 1, 11, 1600950725, 1),
(188, 1, 11, 1600950725, 1),
(189, 1, 11, 1600950725, 1),
(190, 1, 11, 1600950725, 1),
(191, 1, 8, 1600950818, 1),
(192, 1, 8, 1600950818, 1),
(193, 1, 8, 1600950818, 1),
(194, 1, 8, 1600950818, 1),
(195, 1, 8, 1600950818, 1),
(196, 1, 8, 1600950818, 1),
(197, 1, 8, 1600950818, 1),
(198, 1, 8, 1600950818, 1),
(199, 1, 8, 1600950818, 1),
(200, 1, 8, 1600950818, 1),
(201, 1, 8, 1600950818, 1),
(202, 1, 8, 1600950818, 1),
(203, 1, 8, 1600950818, 1),
(204, 1, 6, 1600950946, 1),
(205, 1, 6, 1600950946, 1),
(206, 1, 6, 1600950946, 1),
(207, 1, 6, 1600950946, 1),
(208, 1, 6, 1600950946, 1),
(209, 1, 6, 1600950946, 1),
(210, 1, 6, 1600950946, 1),
(211, 1, 6, 1600950946, 1),
(212, 1, 6, 1600950946, 1),
(213, 1, 6, 1600950946, 1),
(214, 1, 6, 1600950946, 1),
(215, 1, 6, 1600950947, 1),
(216, 1, 6, 1600950947, 1),
(217, 1, 6, 1600950947, 1),
(218, 1, 6, 1600950947, 1),
(219, 1, 6, 1600950947, 1),
(220, 1, 6, 1600950947, 1),
(221, 1, 6, 1600950947, 1),
(222, 1, 6, 1600950947, 1),
(223, 1, 6, 1600950947, 1),
(224, 1, 6, 1600950947, 1),
(225, 1, 6, 1600950947, 1),
(226, 1, 6, 1600950947, 1),
(227, 1, 6, 1600950947, 1),
(228, 1, 6, 1600950947, 1),
(229, 1, 6, 1600950947, 1),
(230, 1, 6, 1600950947, 1),
(231, 2685, 7, 1600951792, 1),
(232, 2685, 9, 1600951931, 1),
(233, 2685, 2, 1600952126, 1),
(234, 2685, 5, 1600952305, 1),
(235, 1, 1, 1600953015, 1),
(236, 2686, 14, 1600953098, 1),
(237, 1, 11, 1600953102, 1),
(238, 2687, 3, 1600953230, 1),
(239, 2686, 10, 1600953235, 1),
(240, 1, 7, 1600953246, 1),
(241, 1, 7, 1600953246, 1),
(242, 1, 7, 1600953246, 1),
(243, 1, 10, 1600953307, 1),
(244, 1, 11, 1600953362, 1),
(245, 2687, 0, 1600953424, 1),
(246, 2687, 0, 1600953464, 1),
(247, 1, 12, 1600953468, 1),
(248, 2687, 0, 1600953479, 1),
(249, 2686, 10, 1600953491, 1),
(250, 2687, 0, 1600953495, 1),
(251, 1, 0, 1600953512, 1),
(252, 2686, 8, 1600953580, 1),
(253, 2686, 8, 1600953582, 1),
(254, 2686, 8, 1600953583, 1),
(255, 2686, 8, 1600953585, 1),
(256, 2686, 8, 1600953586, 1),
(257, 2686, 8, 1600953587, 1),
(258, 1, 6, 1600953640, 1),
(259, 1, 6, 1600953640, 1),
(260, 2687, 4, 1600953644, 1),
(261, 2687, 2, 1600953670, 1),
(262, 2687, 0, 1600953681, 1),
(263, 2687, 4, 1600953704, 1),
(264, 1, 10, 1600953729, 1),
(265, 1, 10, 1600953729, 1),
(266, 1, 10, 1600953729, 1),
(267, 1, 9, 1600953971, 1),
(268, 1, 9, 1600953971, 1),
(269, 1, 9, 1600953971, 1),
(270, 1, 9, 1600954110, 1),
(271, 2686, 7, 1600954199, 1),
(272, 1, 11, 1600954235, 1),
(273, 1, 11, 1600954235, 1),
(274, 1, 11, 1600954235, 1),
(275, 2686, 12, 1600954291, 1),
(276, 1, 10, 1600954831, 1),
(277, 1, 10, 1600954831, 1),
(278, 1, 10, 1600954831, 1),
(279, 1, 9, 1600961563, 1),
(280, 2685, 0, 1600967154, 1),
(281, 2685, 3, 1600967178, 1),
(282, 1, 1, 1600967571, 1),
(283, 1, 1, 1600967571, 1),
(284, 2688, 1, 1600967903, 1),
(285, 2688, 5, 1600967939, 1),
(286, 2688, 5, 1600967939, 1),
(287, 2688, 2, 1600967957, 1),
(288, 2688, 9, 1600968016, 1),
(289, 2688, 4, 1600968054, 1),
(290, 2688, 4, 1600968054, 1),
(291, 2688, 4, 1600968054, 1),
(292, 2688, 6, 1600968083, 1),
(293, 2688, 0, 1600968101, 1),
(294, 2688, 0, 1600968116, 1),
(295, 2688, 3, 1600968132, 1),
(296, 2688, 2, 1600968148, 1),
(297, 1, 7, 1600981521, 1),
(298, 2688, 2, 1600984273, 1),
(299, 2688, 0, 1600984283, 1),
(300, 2688, 8, 1600984324, 1),
(301, 2688, 8, 1600984324, 1),
(302, 2688, 8, 1600984324, 1),
(303, 2688, 8, 1600984324, 1),
(304, 2688, 8, 1600984324, 1),
(305, 2688, 9, 1600984380, 1),
(306, 2688, 9, 1600984380, 1),
(307, 1, 13, 1601014290, 1),
(308, 1, 13, 1601014290, 1),
(309, 1, 7, 1601022641, 1),
(310, 1, 12, 1601025656, 1),
(311, 1, 12, 1601025656, 1),
(312, 1, 13, 1601025742, 1),
(313, 1, 13, 1601025742, 1),
(314, 1, 13, 1601025742, 1),
(315, 1, 13, 1601025742, 1),
(316, 1, 13, 1601025742, 1),
(317, 1, 13, 1601025742, 1),
(318, 2687, 6, 1601025843, 1),
(319, 2687, 13, 1601025916, 1),
(320, 2687, 13, 1601025992, 1),
(321, 2687, 10, 1601026123, 1),
(322, 2687, 10, 1601026185, 1),
(323, 2687, 14, 1601026252, 1),
(324, 2687, 15, 1601026339, 1),
(325, 2685, 0, 1601026424, 1),
(326, 2685, 8, 1601026476, 1),
(327, 2685, 8, 1601026476, 1),
(328, 2685, 10, 1601026527, 1),
(329, 2685, 12, 1601026610, 1),
(330, 2687, 8, 1601069079, 1),
(331, 2687, 9, 1601069167, 1),
(332, 2687, 13, 1601069272, 1),
(333, 2687, 13, 1601069272, 1),
(334, 2687, 13, 1601069336, 1),
(335, 2687, 13, 1601069336, 1),
(336, 2687, 3, 1601070859, 1),
(337, 2687, 11, 1601071193, 1),
(338, 1, 13, 1601123868, 1);

-- --------------------------------------------------------

--
-- Structure de la table `users`
--

CREATE TABLE `users` (
  `id` int(11) NOT NULL,
  `pseudo` varchar(255) NOT NULL,
  `password` text NOT NULL,
  `bestScore` int(11) NOT NULL DEFAULT '0',
  `ipAdress` varchar(255) DEFAULT '0.0.0.0',
  `state` int(11) NOT NULL
) ENGINE=InnoDB DEFAULT CHARSET=latin1 ROW_FORMAT=DYNAMIC;

--
-- Déchargement des données de la table `users`
--

INSERT INTO `users` (`id`, `pseudo`, `password`, `bestScore`, `ipAdress`, `state`) VALUES
(1, 'Maxime', '1acc295174379ec718e1123290d06dcd8d68feb6', 13, '0.0.0.0', 1),
(2685, 'Clems', 'ab822e19615471c04071892a4bc2b2523557cc9b', 12, '0.0.0.0', 1),
(2686, 'Quentin', '2333c537cb1190804be6845b74538dc6cffe614c', 14, '0.0.0.0', 1),
(2687, 'julo', '0175a583b5ef8e0fbc747ed61eb54aaf818231cf', 15, '0.0.0.0', 1),
(2688, 'Magolord', '8bac3ab44b3efc84527e6da1cbe3c8eaedbb1730', 9, '0.0.0.0', 1),
(2689, 'DomenekleFenek', 'bd66e5cc7ab06d0db63e5a67596170e5369d94b4', 0, '0.0.0.0', 1);

--
-- Index pour les tables déchargées
--

--
-- Index pour la table `games`
--
ALTER TABLE `games`
  ADD PRIMARY KEY (`id`);

--
-- Index pour la table `scores`
--
ALTER TABLE `scores`
  ADD PRIMARY KEY (`id`);

--
-- Index pour la table `users`
--
ALTER TABLE `users`
  ADD PRIMARY KEY (`id`);

--
-- AUTO_INCREMENT pour les tables déchargées
--

--
-- AUTO_INCREMENT pour la table `games`
--
ALTER TABLE `games`
  MODIFY `id` int(11) NOT NULL AUTO_INCREMENT, AUTO_INCREMENT=3;

--
-- AUTO_INCREMENT pour la table `scores`
--
ALTER TABLE `scores`
  MODIFY `id` int(11) NOT NULL AUTO_INCREMENT, AUTO_INCREMENT=339;

--
-- AUTO_INCREMENT pour la table `users`
--
ALTER TABLE `users`
  MODIFY `id` int(11) NOT NULL AUTO_INCREMENT, AUTO_INCREMENT=2690;
COMMIT;

/*!40101 SET CHARACTER_SET_CLIENT=@OLD_CHARACTER_SET_CLIENT */;
/*!40101 SET CHARACTER_SET_RESULTS=@OLD_CHARACTER_SET_RESULTS */;
/*!40101 SET COLLATION_CONNECTION=@OLD_COLLATION_CONNECTION */;
